Vin,Brand,Model,Color,Year,Dealer_Cost,List_Price
1GYS3AKJ3FR396497,Porsche,Cayenne,Yellow,2011,37151,39171
JH4KC1F56EC789719,Chevrolet,Express 3500,Indigo,1998,27574,29796
WBSBL93496P970862,Audi,RS 4,Puce,2007,46078,48999
WA1DMAFP0FA028345,Ford,Edge,Green,2010,45360,47389
YV1672MWXB2702196,Mercury,Mariner,Orange,2006,23775,24997
WAUUL68E25A999179,Hyundai,Scoupe,Puce,1994,37504,39796
WBAUT9C54BA413120,Toyota,T100,Teal,1997,36344,38346
JTDKN3DP9E3032115,Toyota,Camry,Purple,2003,32040,32949
1GKS1GEJ9DR915984,Jaguar,XK Series,Pink,2004,10136,19138
WAULFAFR8DA161653,Toyota,Previa,Mauv,1994,35410,37619
1B3BD2FB1BN283727,Kia,Sportage,Mauv,1997,48004,49994
WBAPK5C55AA216125,Volvo,C70,Puce,2000,9142,12162
1G6DL8EGXA0419748,Audi,V8,Goldenrod,1992,43603,43893
WBA5M0C53ED215452,Jeep,Patriot,Pink,2008,37737,39939
WAUDL54F35N130690,Acura,RDX,Maroon,2012,42438,42439
WA1CM74L99D079585,Mitsubishi,Endeavor,Fuscia,2008,14068,14989
19UUA75618A705577,Nissan,Quest,Purple,2005,43610,49819
3VW517ATXEM629979,Hyundai,Genesis,Aquamarine,2010,14446,16468
2T1BU4EE4BC930582,Saturn,Relay,Aquamarine,2007,46356,48378
SCBDR33W37C557473,Mercedes-Benz,M-Class,Pink,2009,10828,11929
JTEBU4BF0EK685503,Toyota,Avalon,Pink,2012,24642,26862
KMHCT4AE4FU246388,Ford,Tempo,Red,1988,36504,38794
1D4PT2GK6AW801168,Audi,Cabriolet,Teal,1994,31006,31998
WAUAC48H05K516753,Saturn,VUE,Mauv,2002,10710,11919
5GADT13S152942695,Ford,Focus,Mauv,2004,40753,49973
1G6DF5EG0A0221895,Mazda,626,Goldenrod,1983,44047,46949
3D7JV1EP5BG880375,Toyota,4Runner,Orange,2012,43335,43337
KMHTC6AD2CU247540,Ford,Taurus,Goldenrod,2008,35764,37986
5UXFA93586L720901,Chevrolet,Aveo,Violet,2011,35441,37441
3GYT4MEF3BG092493,Volkswagen,Beetle,Mauv,1967,16454,18674
3D7TT2CT0BG911018,Maybach,62,Turquoise,2006,18833,19933
5GADX23L05D648566,Citroën,CX,Blue,1974,15226,17228
SCBBP9ZAXAC963561,GMC,2500,Pink,1992,34333,34333
3C4PDCAB0FT047559,Dodge,Durango,Turquoise,2000,21456,21678
WAUEV94F88N406520,Suzuki,Grand Vitara,Blue,2011,36085,38997
4T1BF3EK4BU138716,Dodge,Ram 2500,Teal,1999,23134,23136
1FTMF1EW5AK653736,Audi,A3,Crimson,2012,18460,19689
4JGDF2EE9FA307777,Honda,CR-V,Khaki,2005,20127,27129
JM1GJ1T66F1817963,Cadillac,CTS,Puce,2007,17142,19162
WDDGF4HB9DA769547,Buick,Regal,Teal,1998,44764,44986
1FMCU4K37AK821966,Mitsubishi,Excel,Purple,1988,40348,49349
WA1CFAFP0BA923835,GMC,Savana,Puce,2007,15283,17293
JN8AF5MR3CT211872,Audi,80,Aquamarine,1991,41408,43499
3D73Y3CL8AG475363,Lotus,Elise,Goldenrod,2004,13413,13613
WBA3B1C5XFP658961,Ford,Econoline E250,Teal,1996,30143,39143
1FTSX2B50AE824901,Mazda,929,Red,1991,48804,49994
2G4GK5EXXF9779073,Nissan,Sentra,Indigo,2007,34534,36736
3MZBM1L72EM925098,Maserati,Spyder,Yellow,1989,15200,17299
WAULC58E24A672124,Hyundai,Santa Fe,Red,2003,34006,36998
WAUFEAFM4DA606894,Jaguar,XK,Yellow,2007,18257,19279
WBAPK5C56BF306534,Mercury,Tracer,Pink,1989,12804,12996
2G4GR5GX5F9106958,Dodge,Stratus,Purple,1999,11421,11621
5N3ZA0NC1AN890457,Infiniti,QX,Fuscia,2011,31128,31129
5J8TB3H57GL670096,Ford,Th!nk,Purple,2002,46444,48446
5TDDK4CC9AS228764,Lexus,LS,Yellow,2002,30511,39711
JN8AF5MR8DT149578,BMW,530,Green,2007,43434,43636
WBABV13486J250567,Volvo,C70,Mauv,2003,20744,29944
JM1NC2JF6C0166197,Lincoln,Blackwood,Aquamarine,2003,37386,39398
5FRYD4H95GB026962,Hyundai,Genesis,Teal,2010,35661,37881
1G6AJ5S37D0033768,Volkswagen,Golf,Maroon,2001,44841,46961
2G4WE537051711092,Suzuki,SJ,Blue,1994,42434,42636
2D4RN7DG9BR079186,Porsche,911,Crimson,2000,40134,49134
3GYFNAEY5AS739322,Chrysler,Pacifica,Aquamarine,2007,47780,49999
1N6AA0EDXFN342304,Lexus,GS,Green,2004,47768,49989
WBAVA33567F271547,Maybach,57,Puce,2011,13866,13988
1G6KF57981U980258,GMC,Sonoma Club Coupe,Yellow,1997,45478,47499
2G4WC582081171928,Mercedes-Benz,Sprinter 3500,Fuscia,2012,27611,29811
2B3CA8CT2AH852993,Toyota,4Runner,Blue,2008,18607,19899
SALFR2BN5AH704341,Dodge,Ram Wagon B150,Violet,1993,43501,43791
1GYS3CEF2CR309963,Suzuki,Reno,Fuscia,2007,15486,17698
JM1BL1K56B1268904,Buick,Reatta,Indigo,1989,26216,28218
WA1DGBFE4DD500733,Porsche,914,Blue,1970,14342,14362
WAULC68E85A524194,Ford,Thunderbird,Fuscia,1958,24346,24368
KMHHT6KD2AU215169,Ford,F450,Mauv,2008,33656,33878
5N1AR1NB5AC150076,Pontiac,Grand Prix,Puce,1999,43020,43929
KNDMG4C74C6752640,Plymouth,Prowler,Puce,1997,47657,49879
3VWF17AT7FM283704,Volvo,240,Goldenrod,1992,27403,29693
1ZVBP8AMXB5753204,Saab,5-Sep,Blue,2009,20805,29997
KMHCM3AC7AU140760,Mitsubishi,Precis,Puce,1990,13681,13891
JH4KB16577C035900,Pontiac,GTO,Teal,1966,32470,32499
JM1DE1HY7B0520198,Chevrolet,Suburban 1500,Teal,1993,22112,22112
1HGCR2E73FA117841,Volvo,C70,Khaki,2011,18002,19992
WBAUP93588V368253,Mazda,Mazda6 Sport,Indigo,2006,48741,49961
19UUA9F23BA415940,Dodge,Magnum,Teal,2006,11425,11627
1D4PT2GK1AW579395,Volkswagen,Jetta,Crimson,1988,31457,31679
WAUVT68E13A618164,Buick,Park Avenue,Yellow,1992,35454,37676
WBAWV13518P849658,Mazda,MX-5,Fuscia,1998,42448,42469
WBA3V5C58F5269603,Mazda,B-Series Plus,Puce,1996,24444,26464
1FT7W2A63EE833553,GMC,Suburban 1500,Pink,1995,47072,49992
1D7CE2BK0AS941517,GMC,Sonoma Club Coupe,Yellow,1995,14652,14872
JH4CL95954C602038,GMC,Savana 3500,Green,2002,33800,33999
WAULC68E55A954202,Pontiac,Parisienne,Turquoise,1985,41717,41919
SCBGR3ZA9CC467361,GMC,Sierra 2500,Violet,2003,11803,11993
WAUKF78E76A387663,Lotus,Exige,Puce,2007,33662,33882
KL4CJBSBXFB408940,Honda,Civic,Yellow,2011,28720,29929
3GYVKLEFXAG108681,Hyundai,Elantra,Turquoise,1999,38475,39697
WP1AA2A28BL722293,Toyota,RAV4,Yellow,2008,33428,33429
SALSF2D45BA992805,Volkswagen,Jetta,Violet,2001,38644,39864
3D7TT2CT4AG431210,GMC,3500 Club Coupe,Goldenrod,1997,13046,13968
WVWED7AJ1DW017757,Jeep,Liberty,Aquamarine,2006,18351,19371
WBAUP9C5XCV520915,Dodge,Neon,Fuscia,2005,13021,13921
WBA3B1C5XF5176759,Pontiac,6000,Puce,1991,14481,16491
1G6DJ1E36D0877351,Ford,Thunderbird,Pink,1996,35045,37947
WA1WMAFP2EA827292,Toyota,Land Cruiser,Fuscia,2007,14613,14813
1C4RJEAGXEC476551,Mazda,MPV,Green,1989,33481,33491
WBAEB5C59AC574131,Acura,TL,Turquoise,1995,40541,49761
WAUBGAFBXAN015822,Honda,Accord,Turquoise,1996,16200,18299
5NPDH4AE7DH379633,GMC,Envoy XL,Fuscia,2006,36517,38719
1D4PU2GK5AW972183,Mercedes-Benz,M-Class,Mauv,2003,10250,19279
KMHTC6AD4FU992925,Lamborghini,Murciélago,Goldenrod,2004,43718,43919
1G6AB5RX8F0595543,Lexus,RX Hybrid,Crimson,2008,13286,13298
WAUUL78E57A859457,Acura,TSX,Maroon,2009,37254,39274
SCBGU3ZA7FC244559,GMC,Vandura 1500,Green,1993,43176,43198
JH4CU2F61AC449551,Mazda,929,Turquoise,1987,34121,34121
1G6DJ5EV7A0425980,Toyota,Sequoia,Aquamarine,2001,43425,43427
WA1EY74L67D874670,Subaru,Legacy,Yellow,2001,14736,14938
3N1AB6AP9AL121274,Infiniti,QX,Turquoise,1999,10847,19949
WVWAN7AN3DE603509,Honda,Accord,Puce,1994,31871,31991
SCFHDDAJ1CA091012,Mazda,Mazda6,Purple,2006,13740,13969
2G4WC582281208252,Kia,Sorento,Violet,2012,14144,16166
SCFHDDAJ7BA376537,Plymouth,Grand Voyager,Maroon,1995,28488,29699
1GYS4EEJXBR396104,Smart,Fortwo,Crimson,2012,11145,11147
TRUWC28N121165622,Chrysler,Town & Country,Violet,2001,32864,32984
WA1UFAFL0EA193138,Volkswagen,rio,Violet,2002,47424,49426
JN1BJ0HR2FM636271,Dodge,Durango,Purple,2012,47454,49474
1G6AX5S30F0528413,Buick,Regal,Khaki,1998,26676,28898
WAURFAFR6EA580709,Ford,F250,Goldenrod,2008,46556,48778
1FMJK1H55BE783206,Lincoln,Navigator,Aquamarine,2009,23404,23694
3VW4A7AT2CM375502,Dodge,Neon,Purple,1998,11574,11794
KNALW4D43F6414425,Mercury,Sable,Aquamarine,2008,14841,14941
1C4RDHDG1FC773715,Ford,Club Wagon,Teal,1997,44306,44398
WVWED7AJ9DW653391,Chevrolet,G-Series 1500,Aquamarine,1996,26205,28297
2T2BK1BA7EC104315,Subaru,Leone,Pink,1985,12584,12794
WAUMFAFL8AA841970,Chevrolet,Camaro,Crimson,1979,30327,39329
WBA3B9C5XDJ475462,Cadillac,Eldorado,Goldenrod,1993,38843,39943
JTDKDTB35C1005294,Chevrolet,Express 1500,Fuscia,2008,34638,34839
WBAVA33558K182223,Ford,Mustang,Mauv,1983,27081,29991
YV1960AS8A1124691,Buick,Park Avenue,Goldenrod,2001,11244,11244
WAUHGAFCXFN618408,Hyundai,Tiburon,Yellow,1998,14124,16126
JTDKN3DU1B0038395,Aston Martin,DB9,Teal,2010,35742,37942
WA1CGAFP6FA707751,Volkswagen,GTI,Puce,1992,11165,11187
WAUBG78E46A242318,Volkswagen,Routan,Puce,2012,13015,13917
4T1BF1FKXDU450268,Volvo,C70,Blue,2013,44128,44129
JTJBC1BA3A2454788,Toyota,Tacoma,Orange,2008,33462,33682
WAU4FAFL5BA036591,Lincoln,Continental,Indigo,1984,47010,49919
WAUKH98EX6A183364,Ford,Model T,Khaki,1909,42374,42394
WAUXD68DX2A134005,Dodge,Ram 3500,Violet,2003,23474,23494
SALVE2BG5FH525149,Mercury,Grand Marquis,Green,2001,16664,18886
1G6DD8E34E0637880,Volvo,S70,Indigo,1998,28484,29696
KMHHT6KD4CU468660,Hummer,H1,Indigo,1993,30634,39836
1FTSW3B59AE791650,Chrysler,Sebring,Indigo,1996,35461,37481
5GAKVCKDXDJ894697,Mitsubishi,Galant,Turquoise,1990,14344,14346
WBA5B1C5XFG996594,Infiniti,QX56,Orange,2010,25410,27619
1N6AA0CC5CN078544,Nissan,Pathfinder,Crimson,2010,13263,13283
1C4RDHAG3CC800431,Buick,Century,Green,1994,30405,39697
WBAKP9C54ED120235,Mazda,Miata MX-5,Purple,1999,45476,47498
JH4DC53856S165979,Ford,Aspire,Yellow,1994,13076,13998
WAUYGBFC9DN702349,Ford,Crown Victoria,Teal,2003,44682,44892
WBAVB33506A339561,GMC,Sierra,Indigo,2010,45440,47669
3GYFNCE3XFS181992,Subaru,Outback,Fuscia,2000,27737,29939
1GYS4BKJ0FR078582,Oldsmobile,Alero,Khaki,1999,44484,44496
WBABN53472J632915,Pontiac,Bonneville,Green,2005,27457,29479
2C3CDXGJ9DH368059,Hyundai,Sonata,Orange,1996,10612,19812
1G6DL5E36C0281673,Mercedes-Benz,C-Class,Teal,2008,44523,46723
JA32X2HU4CU848739,Volvo,940,Khaki,1992,46476,48498
5N1AA0ND4FN450707,Ford,Tempo,Goldenrod,1988,44584,46794
JN8AZ1MUXCW664888,Maybach,57,Turquoise,2012,16154,18176
WAUUFAFH2DN760651,Mercedes-Benz,S-Class,Maroon,2012,43246,43268
WAUJFAFH8BN187321,BMW,M3,Khaki,1999,12774,12994
5J8TB2H22AA306297,Dodge,Ram 3500,Turquoise,2010,21426,21428
WBAPH53529A170263,GMC,Jimmy,Purple,1998,34288,34299
WBABS33412P000535,Dodge,Stealth,Pink,1993,46761,48981
1G6AL5SXXD0009140,Dodge,Ram Van B150,Maroon,1994,22473,22493
WDCYC3HF2CX806934,Jeep,Cherokee,Green,2001,24303,24393
3N1AB7AP8FL077054,Ford,Galaxie,Green,1966,26602,28892
1N6AA0CA0AN721894,Chevrolet,Tracker,Khaki,2002,48181,49191
1FTSW3B59AE343439,Ford,Taurus,Teal,1986,24846,26968
WBAVB13586P033869,GMC,2500,Puce,1999,40746,49948
WAUJFAFH8DN131303,Toyota,Supra,Blue,1998,25824,27926
ZFBCFAAH5EZ972883,Nissan,Sentra,Violet,2003,17027,19929
KMHTC6AD5DU685342,GMC,Jimmy,Orange,1992,34445,36667
WAUHE98P89A958480,BMW,X5,Green,2007,32860,32989
2G4GS5ECXB9501068,Geo,Tracker,Purple,1997,38288,39299
4JGBB2FB4AA066405,Ford,F-Series,Red,1993,38173,39193
1C4SDJCTXCC848964,Saab,9-7X,Purple,2009,43760,43989
1C3ADEAZ0DV952013,Ford,Thunderbird,Violet,1972,40851,49971
WAUDFAFC2DN585841,Pontiac,Safari,Violet,1989,23844,23944
4JGBF2FE3AA776832,Nissan,Pathfinder,Mauv,2000,48444,49664
WAUPL68E55A859365,Chevrolet,S10,Mauv,1999,17434,19434
1G6DC67A780523704,Land Rover,Range Rover,Yellow,1988,34552,34772
5N1AZ2MG1FN406650,GMC,Sierra 2500,Aquamarine,2007,37841,39941
WAUED64B71N657274,Geo,Prizm,Turquoise,1993,46725,48927
WA1CGBFE0CD494102,Lexus,LS,Red,2002,47124,49124
WAUEH98E76A940699,Ford,Mustang,Khaki,2009,28341,29341
WBA4A5C52FD324701,Mazda,626,Violet,1992,48432,49632
JTJHY7AX3E4373546,Jaguar,XJ Series,Fuscia,1994,41475,41697
WBA5A5C54ED571933,Mazda,MX-5,Turquoise,2002,41801,41991
1FMJK1K55AE186869,Toyota,Supra,Green,1993,23718,23919
WAUFEAFMXDA091707,Mazda,Mazda6,Mauv,2003,34244,36246
WAUDFAFL4EN336779,Mitsubishi,L300,Indigo,1987,32154,32176
JM1NC2JFXD0339902,Acura,TL,Green,2008,46784,48994
KMHGH4JH5CU394669,Mitsubishi,Galant,Red,1992,26827,28929
WVGEF9BPXED442783,Ford,F-Series,Yellow,1991,32418,32419
1C4SDJCT6EC550222,Buick,Coachbuilder,Mauv,1993,26634,28834
WAUDF48H08K624914,Dodge,Dakota Club,Red,1997,34623,36823
1G6DM57N340538270,Mazda,CX-7,Teal,2008,32518,32719
3C3CFFHH2DT095571,Volkswagen,Rabbit,Goldenrod,2006,31001,31991
JN8AF5MR3ET073043,Pontiac,6000,Aquamarine,1985,32884,32994
WDCGG0EB3DG053142,Toyota,Land Cruiser,Maroon,2002,30602,39892
WAUXL58E04A609587,Land Rover,Range Rover,Pink,2000,45740,47969
WBALL5C53EE100805,Dodge,Ram 3500,Puce,2006,37413,39613
WAUVT58E44A292176,Honda,del Sol,Maroon,1994,21174,21194
1D7CE2BK4AS348887,Ford,Taurus,Yellow,2012,24163,26183
WBA6B2C52DD134656,GMC,Yukon,Pink,2008,30134,39134
1C3CDFBAXDD242730,BMW,M3,Puce,2012,18740,19969
2G4WD552061951524,Hyundai,Santa Fe,Crimson,2012,32250,32279
WAUVT68E65A699665,Mitsubishi,Galant,Indigo,2003,21440,21469
WA1CFBFPXDA355280,Land Rover,Range Rover Evoque,Khaki,2012,37831,39931
WBAYF4C5XED090643,Jaguar,XK,Fuscia,2008,23747,23949
1C4RDJDG5DC024100,Toyota,Prius,Yellow,2008,33137,33139
1G4HR54K644796040,Infiniti,G,Orange,1992,47313,49313
TRUSC28N721436150,Mercedes-Benz,CLS-Class,Pink,2008,47042,49962
JTHBL5EF8F1713109,Suzuki,Reno,Green,2007,30744,39964
WAUEH94F87N227674,GMC,Yukon,Orange,2005,17704,19996
1FTMF1C83AK085264,BMW,8 Series,Teal,1997,16104,18196
1FMCU4K39AK105053,Plymouth,Prowler,Violet,1997,37353,39373
KM8JT3AB9BU899669,Kia,Rondo,Mauv,2008,21867,21989
JN8AZ2KR8AT733709,Audi,5000CS,Teal,1987,34430,36639
1FADP3E2XEL197747,Dodge,Neon,Green,1999,15040,17969
WBAKP9C50ED587507,BMW,3 Series,Fuscia,1999,32557,32779
WBAUU3C54BA967154,Mazda,Protege,Green,2001,34024,34924
1G4GA5EC3BF790160,Honda,Insight,Teal,2006,44343,46343
5N1AA0NC0BN758300,Mazda,Protege,Fuscia,1997,25202,27292
5N1AA0NC6CN667128,Chevrolet,2500,Maroon,1999,30044,39944
5N1AL0MM7EC892015,Lamborghini,Countach,Aquamarine,1988,33506,33798
3GYVKLEF4AG787959,Porsche,911,Violet,2003,35504,37794
WAUEH98E88A623887,BMW,Z8,Violet,2003,31318,31319
SALGR2VF7EA184019,BMW,7 Series,Indigo,1992,32272,32292
19UUA65695A087818,Land Rover,LR4,Puce,2011,15663,17883
5FRYD4H98GB641327,Chevrolet,Suburban 2500,Teal,2007,16503,18793
WP0AB2A80FK654637,Maybach,Landaulet,Orange,2009,12444,12664
2HNYD18795H592364,Mercedes-Benz,M-Class,Puce,2011,14017,16919
1FTEW1CM7EF598520,Alfa Romeo,164,Blue,1995,32724,32926
TRUTC28N321274232,Maybach,62,Puce,2007,14626,16828
WAUVC68E64A585650,Buick,Lucerne,Puce,2008,15238,17239
5UXZV4C58D0541129,Kia,Sportage,Pink,1995,32538,32739
WAU2GAFC7CN760359,Mitsubishi,i-MiEV,Green,2012,12471,12491
2G4WD582361767125,Mazda,RX-8,Yellow,2006,37386,39398
WBAUT9C55CA731488,Mercury,Lynx,Purple,1987,41704,41994
WAUDT74F05N327571,Volvo,XC90,Teal,2010,14624,14826
WA1CGBFE5ED437946,Ford,Mustang,Turquoise,2010,34374,36394
2LMHJ5AR3AB606466,Ford,Aerostar,Fuscia,1989,15077,17999
2G4GS5EC5B9021262,Chevrolet,Impala,Khaki,2005,43462,43482
JTHCL5EF1F5067019,Ferrari,458 Italia,Maroon,2012,37427,39429
2HNYD2H68CH691543,GMC,Savana 2500,Green,2005,27403,29493
3D7TP2CT2BG527102,Infiniti,QX,Crimson,2008,30683,39893
WAUFGAFC5FN895068,Dodge,Ram 1500 Club,Indigo,1995,33354,33376
3C3CFFDR9DT268663,Isuzu,Space,Goldenrod,1994,44676,46898
2LMHJ5AT3CB946392,Ford,F-Series,Puce,2004,25702,27992
5UXZV4C54D0863539,Lexus,RX,Pink,2008,45785,47997
3VW517AT9FM421531,Ford,Contour,Orange,1995,22505,22797
WBADS33481G048900,Ford,Mustang,Fuscia,2011,20482,29492
1GYUCBEF6AR960366,Audi,S4,Green,2011,35431,37431
1G6DV5EP8A0447895,GMC,Savana 2500,Orange,2012,17344,19366
WBAUP93519V102476,Land Rover,Range Rover,Goldenrod,1998,14217,16219
1GYS3HEF2ER186438,Jeep,Grand Cherokee,Red,1998,22685,22897
WBAPM77569N098686,GMC,3500,Green,1998,40043,49943
WP0CA2A87AS246740,Suzuki,SX4,Orange,2008,31147,31149
1FTEW1E88AF290248,Chevrolet,S10 Blazer,Orange,1994,25655,27877
5UXKR2C56F0403070,Chevrolet,Tahoe,Turquoise,2004,24444,26644
WAUEF98E16A224273,GMC,Rally Wagon 2500,Goldenrod,1994,38444,39644
1GYS4HKJ9FR089292,Mercury,Mountaineer,Violet,1998,22074,22996
2G61U5S34D9025169,Buick,Riviera,Crimson,1988,20246,29248
1D4PU2GK8AW971416,Mazda,Mazda3,Puce,2011,22514,22716
3D73M4EL6BG849646,Mercury,Lynx,Red,1987,11463,11483
WBAGK93431D922135,Dodge,Caliber,Blue,2012,37141,39141
WAUAFAFH9EN985671,Volvo,S70,Blue,1998,24115,24117
1FTEX1C88AF970117,Hyundai,Sonata,Green,2004,37082,39992
1D7RB1GT8AS689269,Ford,E150,Mauv,2011,33488,33499
JN8AS5MT0DW853196,Mitsubishi,Mighty Max,Pink,1986,47754,49974
1N6AF0KY0FN266083,Suzuki,Daewoo Lacetti,Fuscia,2008,34664,36886
2FMPK4J95FB247009,Ford,E150,Green,2008,24468,24689
2G4GN5EK3C9166543,Jaguar,X-Type,Goldenrod,2007,18341,19361
2HNYD18692H639296,BMW,Z8,Aquamarine,2000,15325,17327
5FNYF3H29BB103611,Suzuki,Esteem,Purple,1999,35144,37146
SCFEBBAC7AG934686,Ford,Excursion,Indigo,2000,46426,48628
3N1AB6AP7BL052943,Dodge,Caravan,Aquamarine,1998,22414,22414
1N6AF0LX3FN789751,Hyundai,Azera,Purple,2010,32034,32934
2C3CCARG6DH937175,Nissan,Pathfinder,Aquamarine,1999,23681,23891
WAUKF68E35A955206,Dodge,Ram Van 3500,Goldenrod,1996,44405,46697
1G6DV57V690828023,Dodge,Caravan,Aquamarine,2004,45544,47744
3VW8S7AT3FM926815,Acura,RL,Goldenrod,1996,33406,33698
WBAPN7C52BF386577,GMC,Yukon XL 1500,Crimson,2003,43834,43936
WAUKGBFB7BN852423,Mitsubishi,Galant,Blue,1997,13500,13799
1G6AF5SX1E0344201,Dodge,Grand Caravan,Turquoise,1999,35783,37993
1G4HD5EM9AU415288,Chevrolet,G-Series G10,Red,1993,13834,13936
JA4AS3AW2DU024473,Cadillac,Seville,Orange,2003,47353,49373
5FPYK1F27CB536954,Lexus,RX Hybrid,Pink,2008,24827,26929
WBAGN83515D710270,Toyota,Supra,Maroon,1996,24062,26982
WBA3V9C5XEP769188,Oldsmobile,Intrigue,Teal,1998,14245,16247
1N6AD0CU4EN210714,Toyota,Previa,Purple,1988,43748,43969
KMHHT6KJ3FU272462,Kia,Sportage,Khaki,2007,44036,46938
WBA1F5C5XFV800403,Volvo,C70,Red,2010,47480,49699
JN1BY1ARXFM494215,Audi,V8,Purple,2008,45840,47969
3D73M4CL6AG080888,Jeep,Patriot,Maroon,2000,46344,48366
3C4PDDGG9FT945442,Acura,RDX,Goldenrod,1989,30162,39182
WAUDFAFL1AN293030,Mitsubishi,Endeavor,Yellow,2002,43144,43164
2T1BU4EE1BC189985,Nissan,Quest,Red,1994,16844,18966
WBAWB33578P334068,Hyundai,Genesis,Mauv,1996,25402,27492
JN8AF5MRXBT757535,Toyota,Previa,Purple,2007,31434,31634
1G6AH5S38E0016250,Kia,Sportage,Khaki,1991,41435,41637
WBA3C1C52CA198660,Volvo,C70,Mauv,1969,10584,19794
5TFCM5F18AX943261,Audi,V8,Purple,1999,14542,16742
1G6DD1E39E0039288,Jeep,Patriot,Indigo,2010,10388,19399
2C3CDXCT0DH301681,Acura,RDX,Turquoise,1991,25858,27979
JH4CU4F64DC997799,Mitsubishi,Endeavor,Indigo,2006,25430,27639
KMHGC4DE9AU842652,Nissan,Quest,Puce,2001,25505,27797
YV1612FS0E2676188,Hyundai,Genesis,Orange,1987,24006,24998
5LMJJ3J54DE045215,Mercedes-Benz,M-Class,Fuscia,2002,31124,31126
WBAVL1C5XDV497462,Alfa Romeo,164,Blue,1994,37103,39193
1G6DP57VX90227580,Maybach,62,Turquoise,2001,45837,47939
2C4RDGCG7DR452472,Buick,Lucerne,Indigo,2012,26742,28962
WBADT53432C650542,Kia,Sportage,Aquamarine,2002,30864,39984
5N1AA0NC5FN474103,Mitsubishi,i-MiEV,Orange,1993,10540,19769
WAUNF98P26A638762,Mazda,RX-8,Purple,2012,24840,26969
JN1AZ4EH3CM353090,Mercury,Lynx,Puce,2010,11266,11288
WAUBFAFL3BN191558,Volvo,XC90,Aquamarine,1985,34442,34642
1GYS4CEF9DR622734,Ford,Mustang,Khaki,1997,48132,49132
WP0AD2A73EL628009,Ford,Aerostar,Purple,1995,33244,33264
WAUMFAFL2CA204981,Chevrolet,Impala,Teal,1995,21014,21914
2G4WD582191455535,Ferrari,458 Italia,Maroon,2004,44436,44638
1FTEX1CM6BK551091,GMC,Savana 2500,Orange,2012,25451,27471
5N1BA0NC1FN409446,Infiniti,QX,Purple,2001,35426,37428
4T1BD1FK2FU112940,Dodge,Ram 1500 Club,Turquoise,2005,10141,19161
JN1AY1AP4CM518336,Ford,Edge,Yellow,1963,40572,49792
SALAB2D48AA474791,Mercury,Mariner,Orange,2006,27631,29831
WAUHMAFC8EN881567,Hyundai,Scoupe,Orange,1992,44227,44229
KNAFU6A2XC5689633,Toyota,T100,Teal,2009,46383,48393
5TDBK3EH3BS833262,Toyota,Camry,Puce,2009,41880,41999
WAUDG98E86A406433,Jaguar,XK Series,Turquoise,2004,16468,18689
WBAKB0C58CC879872,Toyota,Previa,Violet,2007,34123,34123
1D4PU4GK4BW037749,Kia,Sportage,Indigo,2012,18376,19398
5UXKS4C57F0961459,Volvo,C70,Turquoise,1999,42446,42668
WAUWFBFL4BA131559,Audi,V8,Khaki,2012,22548,22749
1G4GF5G33EF670586,Jeep,Patriot,Pink,2003,24427,24429
WBAEN33435E682905,Acura,RDX,Pink,2005,38307,39399
2HNYD18786H008540,Mitsubishi,Endeavor,Orange,1999,31108,31199
WAUNF98P38A334097,Nissan,Quest,Purple,1997,22014,22916
2B3CL5CT5BH649820,Hyundai,Genesis,Mauv,2012,26746,28968
2T1BURHE7EC879737,Saturn,Relay,Blue,1997,26405,28497
1FTEW1CM3CK641092,Porsche,Cayenne,Goldenrod,1990,35762,37982
5FPYK1F26DB182913,Chevrolet,Express 3500,Teal,2008,14121,16121
WAUEH78E67A045260,Audi,RS 4,Goldenrod,1971,35721,37921
WBAEU33494P573600,Ford,Edge,Pink,1993,21847,21949
WAULF78K69N581852,Mercury,Mariner,Fuscia,1991,34367,36389
19UUA66278A308901,Hyundai,Scoupe,Yellow,1987,25241,27261
WVWAP7AN7DE600302,Toyota,T100,Crimson,2003,34454,34676
WBAPH5C55BA979276,Toyota,Camry,Red,2003,21448,21649
WAUDL64F75N665155,Jaguar,XK Series,Red,1985,11001,11991
2C3CCAKG0FH510975,Toyota,Previa,Yellow,1986,38406,39698
WAULT58E73A135473,Kia,Sportage,Green,2005,16236,18238
5UXZW0C5XBL667185,Volvo,C70,Maroon,1999,48230,49239
WBA3V7C53FP507955,Audi,V8,Crimson,1993,17778,19999
WBAWC3C56AP029535,Jeep,Patriot,Crimson,1985,26012,28912
3C63DRKL6CG554356,Acura,RDX,Khaki,2000,12674,12896
JN8AF5MR6ET208208,Mitsubishi,Endeavor,Mauv,2004,11423,11423
WDDDJ7CB9AA988997,Nissan,Quest,Teal,2002,22182,22192
KMHD35LH9FU528365,Hyundai,Genesis,Indigo,1994,41614,41814
2HNYD18811H568210,Saturn,Relay,Puce,2002,17133,19133
19UUA66257A366245,Mercedes-Benz,M-Class,Orange,1992,11874,11994
3D73Y4HL9BG158837,Toyota,Avalon,Indigo,1967,34742,34962
KNAFT4A27C5460673,Ford,Tempo,Pink,1988,32265,32287
KNAFT4A23D5344839,Hyundai,Azera,Green,1997,48061,49981
WBAEP33443P399912,Nissan,Pathfinder,Green,2003,33741,33961
JH4CU2E63BC222929,Dodge,Ram Van 3500,Fuscia,1995,27300,29399
WAULK98K49A517663,Dodge,Caravan,Teal,1994,42324,42326
WBAEW53435P738029,Acura,RL,Turquoise,2007,40570,49799
WBAVC53548A720664,GMC,Yukon XL 1500,Fuscia,1998,38740,39969
WAUEH98E07A999904,Mitsubishi,Galant,Puce,1985,44476,44498
WBAYE4C52FD305050,Dodge,Grand Caravan,Red,1998,43477,43699
WBABD33435P237364,Chevrolet,G-Series G10,Teal,1994,13721,13921
1FBAX2CM4FK327669,Cadillac,Seville,Pink,2003,37706,39998
KMHTC6AD3CU324156,Lexus,RX Hybrid,Violet,2012,14081,16991
WVGDP9BP9ED916893,Toyota,Supra,Mauv,2005,27025,29927
SCFFDAAM9DG308417,Oldsmobile,Intrigue,Khaki,2011,45501,47791
WAUDF98E18A130697,Toyota,Previa,Red,2002,31214,31214
WA1CMAFE1ED612244,Kia,Sportage,Khaki,2008,14566,14788
WBANU5C51AB566086,Volvo,C70,Aquamarine,1985,21646,21868
JM3TB2BV2E0972970,Audi,V8,Indigo,1997,31378,31399
WAUKF78E48A918885,Jeep,Patriot,Blue,2013,38437,39639
3N1AB6AP6CL520372,Acura,RDX,Goldenrod,1991,12804,12994
KNDJT2A23D7423529,Mitsubishi,Endeavor,Crimson,2006,21846,21948
JN8AZ2KR1BT903393,Nissan,Quest,Blue,2005,37442,39662
1GYFK13279R911226,Hyundai,Genesis,Aquamarine,1993,47264,49286
JN8AZ2KR4ET572958,Toyota,Previa,Violet,1995,24138,24139
WBAPK53579A864156,Kia,Sportage,Crimson,2012,43844,43964
5GADX33L96D888786,Volvo,C70,Turquoise,2005,20445,29647
WBAGN834X3D911251,Dodge,Ram Wagon B150,Orange,2001,15055,17977
2G4WF521X41857685,Suzuki,Reno,Mauv,2007,41743,41963
3N1CE2CP3FL722645,Buick,Reatta,Fuscia,2001,13886,13998
2LMHJ5ATXFB931179,Porsche,914,Violet,2001,24031,26931
1G6AB5SX7E0068831,Ford,Thunderbird,Crimson,1999,26410,28619
3CZRE3H37AG512080,Ford,F450,Aquamarine,2002,42634,42834
KNADM4A37C6907073,Pontiac,Grand Prix,Yellow,1965,43040,43949
JH4CU4F46AC481213,Mazda,Protege,Pink,2006,18465,19487
JH4KA96514C082384,Honda,Insight,Violet,1991,14071,16991
WAUEFAFL6CN589233,Mazda,Protege,Orange,1999,11470,11499
JA32X8HW3AU972728,Chevrolet,2500,Orange,1998,25602,27892
WBALW7C54ED150217,Lamborghini,Countach,Maroon,2010,22307,22399
1GD02ZCG5CF541761,Porsche,911,Puce,2012,11032,11932
JTHBK1EG3C2025335,BMW,Z8,Teal,2008,15072,17992
1C4RDJAG2CC349175,BMW,7 Series,Puce,2007,24876,26998
WBAKE3C51DE015051,Land Rover,LR4,Orange,1991,46063,48983
WAUNF68P96A667545,Chevrolet,Suburban 2500,Turquoise,1999,30844,39966
SAJWA4ECXBM744283,Maybach,Landaulet,Blue,2012,22762,22982
WAURFAFR6BA224725,Mercedes-Benz,M-Class,Green,2012,37345,39347
1C6RD6HT5CS735926,Alfa Romeo,164,Turquoise,2009,40624,49826
WBAFR7C5XDC518814,Maybach,62,Teal,2009,45374,47396
WBAKE5C51CE224350,Toyota,Supra,Indigo,2005,45680,47899
3D7JV1EPXAG812426,Nissan,Sentra,Fuscia,1989,22466,22688
5YMKT6C56F0634343,GMC,Jimmy,Green,1997,24584,26796
3VW1K7AJ9CM225420,BMW,X5,Mauv,1993,33714,33914
WA1VMAFP0EA074437,Geo,Tracker,Turquoise,2001,44340,46369
1G6YX36D385416765,Ford,F-Series,Fuscia,2003,28281,29291
WVGEF9BP3DD308602,Saab,9-7X,Goldenrod,2009,47250,49279
1G6DG5EY8B0259656,Ford,Thunderbird,Orange,2001,12673,12893
1G6DK67V980846139,Pontiac,Safari,Blue,2005,41442,41462
2G4WD582481964419,Nissan,Pathfinder,Yellow,2008,15845,17967
JTHSE5BC9F5306736,Chevrolet,S10,Fuscia,1998,41553,41773
2T1BU4EE3DC723135,Land Rover,Range Rover,Purple,2004,40684,49896
WBAWB33557P365222,GMC,Sierra 2500,Khaki,1998,25743,27943
WAUPEBFM2CA912372,Geo,Prizm,Purple,1996,38484,39694
1G4PP5SK4C4425011,Hyundai,Azera,Teal,2008,33728,33929
WAULT58E35A084976,Nissan,Pathfinder,Aquamarine,1982,21624,21824
WBAYB6C50FD951028,Dodge,Ram Van 3500,Teal,2000,21841,21961
W04GW5EV9B1027137,Dodge,Caravan,Goldenrod,2010,17844,19946
1FADP3E25EL280938,Acura,RL,Teal,2007,34400,36699
3GYFNCE34CS825921,GMC,Yukon XL 1500,Turquoise,2007,28234,29234
KMHEC4A40FA683743,Mitsubishi,Galant,Red,1998,31414,31614
JN1AZ4EH3DM372529,Dodge,Grand Caravan,Green,1989,25444,27664
3GYFK66N76G256936,Chevrolet,G-Series G10,Orange,2011,14446,14668
3N1AB6AP5BL429530,Cadillac,Seville,Puce,2002,24548,26749
1GYUKKEF1AR647230,Lexus,RX Hybrid,Indigo,1986,34848,36969
SAJWJ1CD1F8550136,Toyota,Supra,Khaki,1996,11872,11992
3N1CN7AP3EK929427,Oldsmobile,Intrigue,Khaki,1995,27332,29332
1FTEW1CW9AF186160,Toyota,Previa,Purple,2011,26417,28619
WBAYF8C54FD553546,Kia,Sportage,Khaki,2008,28860,29989
WVWED7AJ2AW014703,Volvo,S70,Red,2007,32614,32814
JTHBL5EF5A5489346,Hyundai,Sonata,Mauv,2006,47485,49497
JTHBL5EF7F5688051,Ford,E150,Goldenrod,2006,43558,43779
KMHGC4DD8CU115612,Mitsubishi,Mighty Max,Violet,2004,22048,22949
1GYS3JEF7DR362907,Suzuki,Daewoo Lacetti,Aquamarine,1992,38266,39288
4T1BB3EK0BU097626,Ford,E150,Mauv,1994,21254,21274
KMHHU6KJ0FU522480,Jaguar,X-Type,Violet,2008,25032,27932
19UUA66294A301636,BMW,Z8,Mauv,1990,38355,39377
SCBFR7ZA3DC915078,Suzuki,Esteem,Yellow,1989,25754,27976
WDDEJ8GB6AA362019,Ford,Excursion,Mauv,2005,18118,19119
1G6DK5EG5A0351991,Ford,Edge,Yellow,1986,24421,26621
WAUBGAFB5AN112524,Mercury,Mariner,Fuscia,2001,17251,19271
1C3BC5ED0AN588886,Hyundai,Scoupe,Goldenrod,1996,46587,48799
3D7JB1EP3BG001772,Toyota,T100,Turquoise,2009,41447,41649
1GYS3EEJ4DR269385,Toyota,Camry,Red,2012,40350,49379
WBA3T1C57FP696712,Jaguar,XK Series,Orange,1961,16153,18173
19UUA66278A247582,Toyota,Previa,Fuscia,2000,14028,16929
WA1LFBFP3BA236449,Kia,Sportage,Yellow,2005,40604,49894
4T1BK1EB9EU555379,Volvo,C70,Fuscia,2012,35035,37937
WAUGL78E87A480918,Audi,V8,Goldenrod,1987,16253,18273
3N1CN7AP6DL428525,Jeep,Patriot,Puce,2009,37148,39169
WAUYGAFC9CN542062,Acura,RDX,Puce,2003,32243,32263
1GYS4PKJ4FR547492,Mitsubishi,Endeavor,Mauv,2009,30735,39937
YV4902BZ5E1438509,Nissan,Quest,Violet,2005,26104,28196
2G4GT5GC7B9313036,Hyundai,Genesis,Mauv,1995,46774,48996
WAUEF78EX8A426987,Saturn,Relay,Teal,2001,18576,19798
1FA6P0G78E5829911,Mercedes-Benz,M-Class,Blue,2008,20184,29194
JTEBU5JR1F5984936,Toyota,Avalon,Turquoise,1992,44006,44998
WAUEH54B31N097803,Ford,Tempo,Violet,2003,24773,26993
WA1CFAFP9EA316577,Audi,Cabriolet,Mauv,2009,41141,41141
4T1BF1FK8FU236057,Saturn,VUE,Blue,2009,14541,14761
4USBT334X3L022133,Ford,Focus,Orange,1999,47534,49734
4T1BF3EK7BU036259,Mazda,626,Red,2011,37706,39998
3CZRE3H34AG069547,Toyota,4Runner,Mauv,2013,43207,43299
WBAWL735X9P480213,Ford,Taurus,Orange,1993,20474,29496
1C4RDHAG9FC801314,Chevrolet,Aveo,Blue,1994,16476,18698
WBADX7C54DJ157136,Volkswagen,Beetle,Goldenrod,1996,31702,31992
WBAYA8C56FD937357,Maybach,62,Maroon,2006,17326,19328
2C3CCASG8FH712043,Citroën,CX,Indigo,2006,15042,17962
5TDDK3DC6FS750655,GMC,2500,Indigo,2000,47284,49294
1G6KE54Y35U990698,Dodge,Durango,Crimson,1993,21448,21649
19VDE2E59EE729429,Suzuki,Grand Vitara,Blue,2010,33430,33439
SALGS2TF7FA762032,Dodge,Ram 2500,Khaki,1993,42451,42671
WBAYB6C55FG097491,Audi,A3,Khaki,1993,23414,23616
JN8CS1MW6FM472303,Honda,CR-V,Teal,1973,48804,49996
VNKKTUD33FA224417,Cadillac,CTS,Blue,1999,36433,38633
WAUCFAFR5EA791521,Buick,Regal,Turquoise,1999,22331,22331
1D7RB1CT4BS556869,Mitsubishi,Excel,Red,1996,44844,44964
1FTNF1E85AK356889,GMC,Savana,Crimson,1988,31868,31989
WA1C8AFP7EA867892,Audi,80,Maroon,2000,20884,29996
WA1EY94L97D160737,Lotus,Elise,Indigo,1997,30820,39929
WBABD33405P304809,Ford,Econoline E250,Crimson,1998,17238,19239
2D4RN7DG3BR773694,Mazda,929,Purple,1994,17428,19429
4T1BD1FK5FU275498,Nissan,Sentra,Goldenrod,1989,11468,11489
WBANV1C55AC334879,Maserati,Spyder,Maroon,2003,38143,39143
1G6KD57957U882867,Hyundai,Santa Fe,Puce,2009,17385,19397
3C3CFFCR3CT339405,Jaguar,XK,Pink,2004,13048,13949
5N1AN0NW4DN784559,Mercury,Tracer,Goldenrod,1995,40707,49999
WAUML54B62N159609,Dodge,Stratus,Purple,1993,35465,37687
1FMEU7FE2AU049399,Infiniti,QX,Puce,2010,20442,29462
2C4JRGAG4DR695531,Ford,Th!nk,Indigo,2011,34612,34812
1D7RB1CPXBS390151,Lexus,LS,Mauv,2009,20403,29493
1G6AX5SX6E0914349,BMW,530,Teal,2001,36116,38118
2HNYD18843H545877,Volvo,C70,Green,1994,10146,19168
2C3CCAFJ7DH319248,Lincoln,Blackwood,Red,2004,46031,48931
3C4PDCEG9CT013573,Chevrolet,Suburban 2500,Red,1996,35734,37936
2C3CCAAG1EH089137,Maybach,Landaulet,Goldenrod,2009,18120,19129
3VWPG3AG8AM369613,Mercedes-Benz,M-Class,Aquamarine,2012,40515,49717
WBAKF5C54DJ376774,Alfa Romeo,164,Puce,2010,40451,49671
JN1AZ4EH7CM031505,Maybach,62,Blue,2006,12461,12681
SAJWA0FA2AH627536,Toyota,Supra,Fuscia,2012,28187,29199
WBA3B5C58DP532733,Nissan,Sentra,Green,2006,23806,23998
JN8CS1MW0FM943829,GMC,Jimmy,Goldenrod,2003,45514,47714
SAJWA4EC6DM130382,BMW,X5,Orange,1998,14571,16791
3D4PH6FG8BT947830,Geo,Tracker,Fuscia,1993,12645,12847
137ZA903X1E002655,Ford,F-Series,Puce,1997,38274,39294
19UUA75527A341093,Saab,9-7X,Blue,1997,13834,13936
1C3CDFDH9ED880303,Ford,Thunderbird,Aquamarine,2005,36331,38331
JN8AE2KP7E9217631,Pontiac,Safari,Crimson,2008,21140,21169
1FTEX1CM6DK144150,Nissan,Pathfinder,Blue,1994,12737,12939
3MZBM1K7XEM860566,Acura,RL,Green,1986,18412,19412
WBAWC73558E551537,GMC,Yukon XL 1500,Purple,2002,42240,42269
WAUPFAFM9AA730866,Mitsubishi,Galant,Red,2000,38858,39979
1GYFK63898R656384,Dodge,Grand Caravan,Khaki,2007,28758,29979
WBA8Z5C54FD394095,Chevrolet,G-Series G10,Purple,1997,46028,48929
1HGCR2E55EA678331,Cadillac,Seville,Violet,1997,47466,49488
3D73Y3CL2BG676970,Lexus,RX Hybrid,Crimson,1992,40804,49996
JN8AZ1MU6DW622316,Toyota,Supra,Blue,1993,18417,19619
3N1AB6AP4AL739537,Oldsmobile,Intrigue,Mauv,2001,16675,18897
3C4PDCAB8DT790838,Toyota,Previa,Maroon,2007,33584,33794
WAUJT54B62N884565,Kia,Sportage,Fuscia,2006,33451,33671
WBAWB33557P931105,Volvo,C70,Green,2001,36413,38413
1GKUKGEJ2AR752886,Audi,V8,Red,1993,38447,39649
WBAEJ13493A309467,Jeep,Patriot,Mauv,2002,22473,22493
JM3TB2BA1B0273709,Acura,RDX,Aquamarine,2000,24886,26998
2C3CCAPG9DH337432,Mitsubishi,Endeavor,Teal,1992,45847,47969
WBAUC73589V790735,Nissan,Quest,Mauv,1993,26686,28898
2HNYD2H68DH614446,Hyundai,Genesis,Blue,1994,32484,32494
JH4CL96946C473730,Toyota,Previa,Teal,2010,46006,48998
WA1CMAFE4ED682661,Kia,Sportage,Fuscia,1985,17681,19891
2HNYD2H26AH411368,Volvo,C70,Green,1999,28448,29669
WAUJFAFH1BN798680,Audi,V8,Orange,1993,47364,49384
SCBDR33W48C473843,Jeep,Patriot,Teal,2006,23436,23638
WBAVM1C50FV588837,Acura,RDX,Red,2005,47871,49991
3N1CN7AP3EL271456,Mitsubishi,Endeavor,Red,2005,31034,31936
WAULD54B62N575474,Nissan,Quest,Crimson,2012,40811,49911
1FMCU0F73FU709991,Hyundai,Genesis,Teal,2008,44045,44947
JTHBE5C2XD5260711,Mercedes-Benz,M-Class,Indigo,2012,41467,41489
JM1NC2LF1C0721103,Alfa Romeo,164,Green,2002,40514,49714
3C4PDDGG3FT010224,Maybach,62,Mauv,1999,24047,26969
WAUWMAFC2FN077225,Buick,Lucerne,Maroon,1999,26144,28146
1J4NF1GB8BD187706,Kia,Sportage,Orange,2003,44074,46996
JN8AZ2KR1CT523679,Mitsubishi,i-MiEV,Orange,1997,26410,28619
1N6BF0KM3FN575998,Mazda,RX-8,Yellow,2001,18222,19222
WAUEH74F67N083711,Mercury,Lynx,Turquoise,2006,46722,48922
19XFA1E80BE873916,Volvo,XC90,Orange,1991,34514,36714
WBADT43432G096485,Ford,Mustang,Indigo,2008,30788,39999
2G4GS5GX2E9375678,Ford,Aerostar,Fuscia,2011,17783,19993
3GYFNCE38DS891941,Chevrolet,Impala,Turquoise,2000,38078,39999
WAUWGAFC2FN344046,Ferrari,458 Italia,Pink,1994,22412,22612
1G6DK8E38C0986088,GMC,Savana 2500,Turquoise,2012,17413,19413
1C4RDJAG8DC378536,Infiniti,QX,Violet,1999,25258,27279
JN8AS5MT9DW734661,Dodge,Ram 1500 Club,Pink,2003,10146,19148
1FTEX1CMXBF824459,Ford,Edge,Blue,2003,14363,16383
WBADX1C54DJ585575,Mercury,Mariner,Violet,1993,44306,46398
1GD422CG0EF313324,Hyundai,Scoupe,Orange,2011,26114,28116
WAULFAFH5DN453826,Toyota,T100,Pink,2002,24465,26687
WAUWG74F89N479892,Toyota,Camry,Teal,1989,40344,49366
5N1AT2MLXEC253808,Jaguar,XK Series,Purple,2004,36167,38189
3VWML7AJ9CM017760,Toyota,Previa,Puce,1991,45242,47242
1D7RE5GK5BS858431,Kia,Sportage,Aquamarine,1991,37060,39989
1G4GJ5G34CF240089,Volvo,C70,Puce,2001,37146,39148
2C4RDGCGXER080918,Audi,V8,Blue,1994,18678,19899
JTHBE1BL1FA550154,Jeep,Patriot,Maroon,2008,33488,33499
2G4WB52K631493655,Acura,RDX,Violet,1985,20055,29977
1FMJK1J5XAE960292,Mitsubishi,Endeavor,Turquoise,1994,20337,29339
1C6RD6LP2CS528033,Nissan,Quest,Mauv,1996,42045,42967
1FTMF1CWXAK425024,Hyundai,Genesis,Khaki,2005,44378,44399
1G6DC5EG5A0241147,Saturn,Relay,Orange,1991,40171,49191
TRURD38J691400930,Porsche,Cayenne,Goldenrod,1993,31437,31439
1FTEW1CF0FF653523,Chevrolet,Express 3500,Aquamarine,1995,35300,37399
WAUHF98P66A450078,Audi,RS 4,Mauv,2007,14464,16484
1FMCU9D77AK267874,Ford,Edge,Red,1994,24677,26899
WDBWK5EA4AF897789,Porsche,Cayenne,Violet,2000,36044,38964
1GKS1AE05DR869557,Chevrolet,Express 3500,Yellow,1988,35536,37738
SAJWA6BU0F8608901,Audi,RS 4,Crimson,1958,43465,43687
KNAFX5A83E5258298,Ford,Edge,Maroon,1991,48281,49291
JTHBL5EF4B5045523,Mercury,Mariner,Fuscia,1993,32315,32317
JA4AD3A32FZ908788,Hyundai,Scoupe,Turquoise,1997,24868,26989
WAUXL58E44A407061,Toyota,T100,Violet,2006,46167,48189
JH4DC53822C846394,Toyota,Camry,Crimson,2009,34744,34966
1C4RDHAG6CC860901,Jaguar,XK Series,Fuscia,1998,40161,49181
KMHHT6KD5DU375390,Toyota,Previa,Aquamarine,2001,30573,39793
KMHTC6AD7FU419436,Kia,Sportage,Yellow,1993,42421,42621
WA1CMAFE6ED037932,Volvo,C70,Green,2006,33800,33999
WDDHF0EB0EA380444,Audi,V8,Khaki,1997,17678,19899
KM8NU4CC7BU583374,Jeep,Patriot,Turquoise,1988,22441,22661
2T1BPRHE4FC243253,Acura,RDX,Pink,2000,37831,39931
3VWA17AU4FM266670,Mitsubishi,Endeavor,Maroon,1993,48013,49913
WAUVC58E63A919782,Nissan,Quest,Red,1997,43312,43312
WBALW7C52CC343887,Hyundai,Genesis,Green,2009,25685,27897
WA1WMAFE7ED708201,Saturn,Relay,Indigo,2002,21656,21878
4USBT53594L317696,Mercedes-Benz,M-Class,Green,2002,25424,27424
1FTSW2B52AE191417,Toyota,Avalon,Turquoise,2009,36213,38213
1N6AD0CW0EN552694,Ford,Tempo,Puce,1998,40153,49173
5J8TB2H5XCA113554,Audi,Cabriolet,Goldenrod,1998,17655,19877
1VWAP7A38EC727942,Saturn,VUE,Goldenrod,2008,45257,47279
WBAWC3C50AP380893,Ford,Focus,Crimson,1991,30185,39197
JN8AE2KP5D9891579,Mazda,626,Aquamarine,1997,13645,13867
1C3CDFAA5DD323555,Toyota,4Runner,Orange,2007,27807,29999
5GAKVBED1CJ590811,Ford,Taurus,Violet,1986,35305,37397
SCFEBBCF3BG195714,Chevrolet,Aveo,Yellow,1993,30608,39899
SCBBR93W678082916,Volkswagen,Beetle,Aquamarine,1993,41416,41618
WAUDF68E25A308112,Maybach,62,Pink,1994,16148,18149
1G6KD57Y08U745540,Citroën,CX,Purple,2006,23066,23988
WBAPT7C58AC221364,GMC,2500,Turquoise,2004,40748,49949
WBABW53435P366338,Dodge,Durango,Orange,1998,35016,37918
WBA3C1C5XDF949511,Suzuki,Grand Vitara,Purple,2012,21742,21962
JH4CL96924C940060,Dodge,Ram 2500,Crimson,2012,47204,49296
WAUFEAFM8BA663726,Audi,A3,Crimson,2010,42860,42989
1GYFC56239R496213,Honda,CR-V,Crimson,2004,15103,17193
WAUBF78E87A229124,Cadillac,CTS,Yellow,1985,32720,32929
5LMCJ1A98FU684710,Buick,Regal,Teal,1995,46703,48993
JTDKN3DU0F0833993,Mitsubishi,Excel,Khaki,2012,33688,33899
WAURV78T29A211768,GMC,Savana,Crimson,1987,20644,29866
WDDHF2EB1DA679855,Audi,80,Mauv,1995,20410,29619
2HNYD28827H682182,Lotus,Elise,Indigo,2011,11675,11897
1GD02ZCG0DZ957037,Ford,Econoline E250,Orange,2011,24466,26688
WBANN73567C490425,Mazda,929,Fuscia,2009,37104,39196
2C3CDXFG8FH731461,Nissan,Sentra,Turquoise,2003,24044,26946
3GYT4NEF1BG031696,Maserati,Spyder,Goldenrod,2006,47116,49118
WUAUUAFG6BN709914,Hyundai,Santa Fe,Red,2011,23426,23428
1GYS3DEF7DR879321,Lexus,RX Hybrid,Khaki,1998,44661,46881
WAU3GBFC5DN612805,Toyota,Supra,Green,2002,27683,29893
WVWAA7AH1AV391999,Oldsmobile,Intrigue,Blue,1992,31774,31996
WAUFFAFL1CN960741,Toyota,Previa,Khaki,1997,11680,11899
1FMHK7B84CG169239,Kia,Sportage,Orange,2009,14613,14813
JN1AZ4EH0DM315320,Volvo,C70,Purple,2005,26050,28979
SCFHDDAJXCA673691,Audi,V8,Red,2005,40231,49231
WAUCKAFR9AA452816,Jeep,Patriot,Violet,2000,22723,22923
SALWR2VF6FA851577,Acura,RDX,Red,1999,22650,22879
1G6DC8EY3B0704379,Mitsubishi,Endeavor,Pink,1993,34354,34374
WA1BY74L09D086716,Nissan,Quest,Violet,2009,24337,26339
WBABS53492J350820,Hyundai,Genesis,Yellow,1995,23564,23784
JN1BY1AP3EM797737,Toyota,Previa,Yellow,2009,16506,18798
WAUAF98E26A497883,Kia,Sportage,Aquamarine,2004,10358,19379
YV4902BZ1B1744652,Volvo,C70,Purple,2003,45855,47977
1FMJK1F57CE656154,Audi,V8,Turquoise,1998,16241,18241
KMHHT6KD3AU625253,Jeep,Patriot,Violet,2004,15788,17999
JA4AP3AU5CZ872414,Acura,RDX,Purple,1990,45385,47397
KNDJT2A54D7807572,Mitsubishi,Endeavor,Maroon,2009,14741,14961
JN1CV6EK1AM977768,Nissan,Quest,Yellow,1998,41314,41316
3D73Y3CL3BG217950,Hyundai,Genesis,Fuscia,2011,26754,28974
2C3CDXJG1DH580029,Mercedes-Benz,M-Class,Khaki,1999,10720,19929
3C3CFFCR6ET123132,Alfa Romeo,164,Green,1997,34104,36196
WBA3D3C59EK052374,Maybach,62,Violet,2011,17413,19413
WBAUP93558V132143,Buick,Lucerne,Aquamarine,2008,38136,39138
WAUDFAFL8EN386746,Kia,Sportage,Indigo,2005,42753,42973
2HNYD18441H573141,Mitsubishi,i-MiEV,Puce,2007,36424,38426
19UUA65606A237641,Mazda,RX-8,Violet,1992,23840,23949
SAJWA4ECXDM432287,Mercury,Lynx,Green,2011,17543,19763
5UMBT93526L352527,Volvo,XC90,Pink,1994,12744,12946
3GYFNAEY0BS965690,Ford,Mustang,Indigo,1986,38434,39436
19VDE1F50FE309195,Ford,Aerostar,Turquoise,2006,12228,12229
JN8AF5MR0ET185038,Chevrolet,Impala,Teal,1998,23045,23967
WAUBF98E67A532169,Ferrari,458 Italia,Turquoise,2005,45047,47949
WAU4FAFR5AA177955,GMC,Savana 2500,Goldenrod,1998,40414,49414
5NPDH4AEXEH225760,Infiniti,QX,Teal,1993,28484,29494
KL4CJDSB2FB888273,Dodge,Ram 1500 Club,Green,2008,44274,44294
5N1AA0NC0AN847718,Ford,Edge,Maroon,2009,16084,18996
1GYS3CEF6BR260748,Mercury,Mariner,Aquamarine,2005,43061,43981
YV440MBK7F1258779,Hyundai,Scoupe,Puce,2002,23204,23296
WAUCFAFH9AN978223,Toyota,T100,Yellow,1999,18251,19271
5GAKRBKD8DJ454931,Toyota,Camry,Aquamarine,1999,14285,16297
JN1AZ4EH8AM159944,Jaguar,XK Series,Green,2004,13441,13661
5UXWX9C57F0456554,Toyota,Previa,Yellow,2003,35244,37264
WAUFL54D81N713726,Kia,Sportage,Indigo,1996,38482,39492
WAURD68D82A894166,Volvo,C70,Purple,2012,22557,22779
1G6AK5SX2D0805061,Audi,V8,Purple,1994,24613,26813
1D7RW2BK5BS267177,Jeep,Patriot,Fuscia,2000,17814,19914
JTHBE1KS2B0218537,Acura,RDX,Maroon,1987,28561,29781
WDDHH8JB6FB825991,Mitsubishi,Endeavor,Purple,2007,38767,39989
WVWEU9AN9AE304098,Nissan,Quest,Green,2009,43624,43826
WAUBF78E58A398504,Hyundai,Genesis,Mauv,2001,14544,16766
1G6DP5E3XC0725609,Saturn,Relay,Crimson,1994,37146,39148
19XFB2F53DE874391,Porsche,Cayenne,Goldenrod,1974,44541,44761
1FTWW3CY3AE634593,Chevrolet,Express 3500,Puce,2005,32118,32119
3C4PDCAB4CT647092,Audi,RS 4,Mauv,1986,44661,44881
1FTEW1CW7AF960583,Ford,Edge,Khaki,2006,36350,38379
1G6KS54Y92U025557,Mercury,Mariner,Purple,2007,47402,49692
JN1CV6EK0EM070189,Hyundai,Scoupe,Orange,1991,12107,12199
3GYFK66N35G001120,Toyota,T100,Blue,1993,28680,29899
WBAKG7C54CE373311,Toyota,Camry,Orange,1995,43848,43949
SCFLDCFP4EG339920,Jaguar,XK Series,Mauv,2003,23244,23266
1FBSS3BL1AD851344,Toyota,Previa,Orange,1997,40322,44322
5TDBW5G10BS409800,Kia,Sportage,Orange,2000,42806,42998
3C4PDDGG4FT573525,Volvo,C70,Teal,1992,24701,26991
WA1VMBFE9DD815699,Audi,V8,Fuscia,2004,17638,19839
WAUSGAFB7AN727754,Jeep,Patriot,Red,1985,23407,23499
WBANV13548B051762,Acura,RDX,Puce,1992,34072,34992
3D4PH9FG1BT131477,Mitsubishi,Endeavor,Mauv,1996,35054,37976
WAUGFAFR0BA368942,Nissan,Quest,Violet,2008,32852,32972
WBA3A9C51FK889214,Hyundai,Genesis,Purple,2005,25474,27496
1FA6P8AM7F5287246,Saturn,Relay,Purple,1998,40868,49989
1G6AL5SX2D0286784,Mercedes-Benz,M-Class,Indigo,1967,36846,38948
137FA90391E431787,Toyota,Avalon,Aquamarine,2002,26054,28976
WAUKGAFB1AN750236,Ford,Tempo,Indigo,1988,13026,13928
WUAUUAFG2F7193545,Hyundai,Azera,Mauv,2005,26285,28297
WAUDGBFL8DA462023,Nissan,Pathfinder,Khaki,1986,23004,23994
2G4WB55K321669300,Dodge,Ram Van 3500,Khaki,2009,43014,43914
JN8AZ2KR1CT920521,Dodge,Caravan,Khaki,2005,21140,21149
WAUNF78P77A013148,Acura,RL,Teal,2002,36864,38986
JN1AZ4EHXAM786712,GMC,Yukon XL 1500,Blue,2011,10842,13942
19UUA66218A814059,Mitsubishi,Galant,Red,2004,23084,23996
JM1NC2MFXE0801310,Dodge,Grand Caravan,Violet,2012,37605,39897
1GD010CG6BF670119,Chevrolet,G-Series G10,Fuscia,2007,37503,39793
1GKKRNED4CJ981704,Cadillac,Seville,Yellow,2010,44763,46983
WBA3B3G57EN927806,Lexus,RX Hybrid,Turquoise,1998,14544,16746
1GYUCFEJ5AR917018,Toyota,Supra,Goldenrod,2010,33205,33297
WBAEP33434P143343,Oldsmobile,Intrigue,Turquoise,2007,25552,27772
JH4CL95835C785187,Toyota,Previa,Mauv,2004,32721,32921
WAUEH98E98A276926,Kia,Sportage,Crimson,1998,11215,11217
JH4NA21691T594314,Volvo,C70,Purple,2009,43720,43929
JN8AZ2KRXCT366945,Audi,V8,Purple,1967,24224,24226
3D7JB1EP4BG727480,Jeep,Patriot,Yellow,1995,47556,49778
JN1CV6EK8FM242907,Acura,RDX,Fuscia,1996,44050,46979
JH4NA21611T922700,Mitsubishi,Endeavor,Green,1999,46380,48399
JN1BJ0HP9DM511876,Nissan,Quest,Khaki,1984,18878,19999
JN8AE2KP9E9791888,Hyundai,Genesis,Goldenrod,2006,20355,29377
1D4RE5GG2BC730103,Toyota,Previa,Goldenrod,2004,28318,29319
JH4CL95978C742257,Kia,Sportage,Maroon,1993,18364,19384
WBA3B5G56EN160543,Volvo,C70,Yellow,2007,36668,38889
WVWBB7AJ1DW724401,Dodge,Ram Wagon B150,Teal,2012,17046,19948
WBA3V7C56FP572413,Suzuki,Reno,Teal,1999,13283,13293
WAULC58E33A397572,Buick,Reatta,Pink,2008,47711,49911
1GD21ZCG5CZ838426,Porsche,914,Khaki,2003,48883,49993
KNDJT2A58D7005283,Ford,Thunderbird,Yellow,1986,20483,29693
YV1982BW9A1012800,Ford,F450,Khaki,1998,25074,27994
5UXWX7C5XE0645461,Pontiac,Grand Prix,Puce,1995,35622,37822
WAU4FAFL6CA836799,Mazda,Protege,Mauv,2002,37561,39781
1GYS4CKJ3FR089002,Honda,Insight,Goldenrod,1996,28433,29633
WAUPEAFM1DA399949,Mazda,Protege,Violet,2005,10256,14278
WA1CGAFE9ED720697,Chevrolet,2500,Teal,2004,17744,19964
WBADR63451G921399,Lamborghini,Countach,Purple,1996,38245,39247
SCBCP73W09C185652,Porsche,911,Khaki,1976,40833,41933
WAUFFAFL5EA673574,BMW,Z8,Indigo,1999,15206,17298
1G4GE5GD4BF071655,BMW,7 Series,Crimson,2008,47751,49971
1D7CE3GK9AS953728,Land Rover,LR4,Turquoise,1986,26477,28499
WBAUT9C59AA197876,Chevrolet,Suburban 2500,Teal,1993,26051,28971
WAU3GAFR6EA888014,Maybach,Landaulet,Yellow,2006,37504,39796
KMHTC6AD5EU057671,Mercedes-Benz,M-Class,Orange,2003,34556,36778
3N1AB6AP6AL323439,Alfa Romeo,164,Red,2011,24826,26928
WBAAZ33483P482185,Maybach,62,Red,2002,40414,41616
SAJWJ0FF6F8710003,Toyota,Supra,Khaki,2001,44766,46988
WAUVT68E62A317677,Nissan,Sentra,Yellow,2002,45847,47969
SCBDU3ZA4CC425049,GMC,Jimmy,Fuscia,2006,20707,29999
WP0CA2A84AU388516,BMW,X5,Turquoise,1998,17554,19774
4T1BF3EK1AU820855,Geo,Tracker,Khaki,1993,24872,26992
WAUDG98EX6A741600,Ford,F-Series,Indigo,2012,40434,49634
1HGCP2F39CA386777,Saab,9-7X,Orange,1993,17274,19296
3N1CN7AP6EK985071,Ford,Thunderbird,Aquamarine,1996,31580,33799
2G4WS52J741538224,Pontiac,Safari,Red,1909,46320,48329
1G4GA5EC8AF350756,Nissan,Pathfinder,Purple,2002,40546,42768
3VW4A7AT3DM217235,Chevrolet,S10,Mauv,2006,32461,34681
WAUJC58E25A385455,Land Rover,Range Rover,Yellow,2012,21471,24691
2C4JRGAG5ER158149,GMC,Sierra 2500,Red,2001,34532,36732
1FTMF1EW9AF060423,Geo,Prizm,Yellow,1993,36446,38668
WBAGN83574D326881,Hyundai,Azera,Crimson,2001,30138,34139
TRUSX28N111953687,Nissan,Pathfinder,Mauv,1995,18602,21892
WBAHN03506D583440,Dodge,Ram Van 3500,Fuscia,1994,15344,17344
3VWML7AJ7EM873769,Dodge,Caravan,Aquamarine,1987,35421,37621
YV4852CT8A1782725,Acura,RL,Red,1993,45727,47929
WA1VMBFE8CD375585,GMC,Yukon XL 1500,Orange,1999,20141,29141
WBA6B2C55FG889348,Mitsubishi,Galant,Pink,1991,22713,24913
WA1DGAFP0EA929981,Dodge,Grand Caravan,Indigo,2007,20583,24793
WAUDL64F25N950782,Ford,Contour,Yellow,2013,17266,19288
WVGAV3AX8DW361185,Ford,Mustang,Maroon,1996,36741,38961
3LN6L2G95DR387826,Audi,S4,Goldenrod,2007,45116,47118
WDDEJ7GB9CA289872,GMC,Savana 2500,Goldenrod,1992,15757,17979
1FTEX1CM3BK818476,Land Rover,Range Rover,Crimson,1997,31554,34776
WAUAFAFL8EN978408,Jeep,Grand Cherokee,Indigo,2004,30434,33434
WAUUFAFHXDN171573,GMC,3500,Red,2012,38301,41391
JTHDU1EF7C5437556,Suzuki,SX4,Mauv,1995,28286,29298
SALCP2BG6FH310560,Chevrolet,S10 Blazer,Yellow,2006,21787,23999
19UUA66208A087271,Chevrolet,Tahoe,Teal,2005,48400,49499
WBA5A7C59FG024796,GMC,Rally Wagon 2500,Khaki,2011,27701,29991
KMHTC6AD8DU634675,Mercury,Mountaineer,Mauv,2005,31451,31671
WA1LMBFEXED368938,Buick,Riviera,Yellow,2005,11148,13169
WBA3A9C5XCF729921,Mazda,Mazda3,Aquamarine,1997,27870,29999
3GTXCYEJ1AG237230,Mercury,Lynx,Violet,2007,13508,19799
1GKS2GEJ9BR867042,Dodge,Caliber,Mauv,1990,15848,19969
1N4AA5AP1BC521472,Volvo,S70,Green,1993,26850,28979
